date,temp_max,temp_min,rain_sum
2023-01-01,28.5,21.3,0.0
2023-01-02,28.2,21.8,0.1
2023-01-03,27.8,22.0,0.3
2023-01-04,27.6,22.0,1.9
2023-01-05,28.5,25.0,0.0
2023-01-06,28.1,24.4,0.0
2023-01-07,27.9,23.6,0.9
2023-01-08,27.2,22.2,1.4
2023-01-09,27.0,21.8,0.0
2023-01-10,27.2,19.9,0.0
2023-01-11,27.6,19.2,0.0
2023-01-12,27.5,19.8,0.0
2023-01-13,27.9,18.7,0.0
2023-01-14,27.6,19.0,0.0
2023-01-15,27.3,18.5,0.0
2023-01-16,27.4,18.2,0.0
2023-01-17,28.0,20.2,0.2
2023-01-18,28.4,20.0,0.0
2023-01-19,28.3,19.4,0.0
2023-01-20,27.3,22.0,3.2
2023-01-21,29.1,22.7,1.9
2023-01-22,28.3,22.4,0.0
2023-01-23,28.7,24.5,0.2
2023-01-24,28.0,23.3,0.0
2023-01-25,27.9,22.3,0.4
2023-01-26,29.2,21.5,0.0
2023-01-27,28.7,21.1,0.0
2023-01-28,28.9,21.0,0.2
2023-01-29,28.4,22.6,0.6
2023-01-30,28.9,24.1,1.9
2023-01-31,27.9,24.4,2.0
2023-02-01,28.6,24.9,0.9
2023-02-02,29.0,25.5,0.0
2023-02-03,29.1,25.7,0.9
2023-02-04,29.0,23.5,0.0
2023-02-05,28.7,20.9,0.0
2023-02-06,28.5,20.8,0.0
2023-02-07,29.3,20.7,0.0
2023-02-08,29.0,22.0,0.0
2023-02-09,28.7,21.4,0.0
2023-02-10,31.3,20.3,0.0
2023-02-11,29.9,21.1,0.0
2023-02-12,30.1,19.6,0.0
2023-02-13,29.4,19.9,0.0
2023-02-14,29.1,19.6,0.0
2023-02-15,30.1,20.7,0.0
2023-02-16,29.1,20.0,0.0
2023-02-17,29.1,19.4,0.0
2023-02-18,29.4,20.8,0.0
2023-02-19,29.6,22.2,0.1
2023-02-20,30.8,20.3,0.0
2023-02-21,31.4,20.7,0.0
2023-02-22,30.9,20.9,0.0
2023-02-23,30.3,20.6,0.0
2023-02-24,30.1,20.7,0.0
2023-02-25,30.7,19.6,0.0
2023-02-26,29.4,19.9,0.0
2023-02-27,31.7,20.7,0.0
2023-02-28,30.1,23.1,0.2
2023-03-01,30.6,25.0,0.0
2023-03-02,30.6,21.7,0.0
2023-03-03,30.7,21.4,0.0
2023-03-04,31.2,21.3,0.0
2023-03-05,31.0,22.2,0.0
2023-03-06,31.0,22.2,0.0
2023-03-07,30.3,22.0,0.0
2023-03-08,30.5,23.4,0.0
2023-03-09,30.5,23.0,0.0
2023-03-10,30.4,23.3,0.0
2023-03-11,30.4,22.7,0.0
2023-03-12,30.7,23.1,0.0
2023-03-13,31.7,23.8,0.0
2023-03-14,31.2,23.4,0.0
2023-03-15,31.0,24.8,0.0
2023-03-16,30.9,25.8,0.0
2023-03-17,30.3,24.6,5.9
2023-03-18,30.4,24.7,3.3
2023-03-19,29.8,23.3,21.5
2023-03-20,28.9,23.4,1.5
2023-03-21,30.5,24.3,0.3
2023-03-22,31.8,24.7,1.4
2023-03-23,31.3,25.6,2.0
2023-03-24,31.9,26.1,1.5
2023-03-25,31.5,26.1,0.6
2023-03-26,30.7,26.4,0.7
2023-03-27,32.9,25.3,0.2
2023-03-28,32.0,25.8,0.1
2023-03-29,31.7,26.2,0.0
2023-03-30,31.5,24.8,0.0
2023-03-31,32.3,24.7,0.0
2023-04-01,32.3,26.0,2.2
2023-04-02,32.9,26.8,6.1
2023-04-03,31.2,27.2,0.8
2023-04-04,31.6,27.1,0.4
2023-04-05,32.6,26.4,0.1
2023-04-06,32.8,26.4,0.1
2023-04-07,31.9,25.4,0.0
2023-04-08,31.5,25.1,0.0
2023-04-09,32.3,25.3,0.0
2023-04-10,32.3,25.5,0.0
2023-04-11,33.0,25.0,0.0
2023-04-12,33.9,23.8,0.0
2023-04-13,34.1,24.4,0.0
2023-04-14,34.8,24.2,0.0
2023-04-15,35.3,23.8,0.0
2023-04-16,35.5,25.0,0.0
2023-04-17,34.4,24.3,0.0
2023-04-18,34.3,25.0,0.0
2023-04-19,34.7,25.3,0.0
2023-04-20,35.9,26.4,0.0
2023-04-21,35.8,27.6,0.0
2023-04-22,33.9,28.0,0.1
2023-04-23,33.5,27.9,6.3
2023-04-24,32.6,28.2,0.9
2023-04-25,32.1,27.7,0.9
2023-04-26,32.8,27.1,0.1
2023-04-27,33.0,26.8,0.1
2023-04-28,32.9,27.7,1.4
2023-04-29,31.4,27.8,4.5
2023-04-30,32.2,25.0,5.5
2023-05-01,30.9,24.9,25.5
2023-05-02,28.8,24.1,27.8
2023-05-03,29.0,25.1,9.1
2023-05-04,30.9,25.3,0.7
2023-05-05,30.3,24.7,13.0
2023-05-06,31.0,25.2,5.0
2023-05-07,32.0,25.8,0.2
2023-05-08,31.9,25.1,0.0
2023-05-09,32.8,25.5,0.1
2023-05-10,33.5,26.4,0.0
2023-05-11,34.3,26.7,0.0
2023-05-12,37.2,26.8,0.0
2023-05-13,39.9,28.7,0.0
2023-05-14,40.2,29.5,0.0
2023-05-15,37.1,28.3,0.0
2023-05-16,38.1,28.5,0.0
2023-05-17,34.0,28.4,0.0
2023-05-18,35.8,27.6,0.7
2023-05-19,35.2,28.0,0.0
2023-05-20,33.8,27.9,0.0
2023-05-21,34.5,28.1,0.0
2023-05-22,34.2,27.1,9.8
2023-05-23,35.2,27.9,0.0
2023-05-24,36.2,28.3,0.0
2023-05-25,38.4,29.0,0.9
2023-05-26,38.3,29.3,0.3
2023-05-27,37.7,28.2,0.0
2023-05-28,35.9,28.1,7.2
2023-05-29,34.6,27.9,0.0
2023-05-30,35.1,27.2,0.3
2023-05-31,34.3,26.4,0.0
2023-06-01,36.7,28.5,0.0
2023-06-02,38.7,29.2,0.0
2023-06-03,39.0,29.3,0.0
2023-06-04,37.8,29.1,0.6
2023-06-05,37.8,28.6,0.2
2023-06-06,39.7,28.3,0.1
2023-06-07,35.1,27.4,16.8
2023-06-08,37.0,30.2,0.0
2023-06-09,38.5,28.7,1.4
2023-06-10,38.7,28.5,0.8
2023-06-11,38.2,28.5,5.8
2023-06-12,38.7,28.3,0.3
2023-06-13,37.9,28.6,0.0
2023-06-14,39.4,29.6,0.0
2023-06-15,38.6,30.1,0.0
2023-06-16,39.5,29.5,1.2
2023-06-17,37.4,29.2,0.0
2023-06-18,34.2,26.9,3.0
2023-06-19,32.0,25.8,16.8
2023-06-20,34.2,25.6,2.1
2023-06-21,32.9,26.1,1.2
2023-06-22,33.1,27.2,0.5
2023-06-23,34.4,26.8,0.3
2023-06-24,34.0,27.7,0.2
2023-06-25,34.0,28.2,0.0
2023-06-26,34.9,27.8,0.9
2023-06-27,35.9,27.7,0.0
2023-06-28,35.7,27.7,2.8
2023-06-29,36.1,27.4,0.9
2023-06-30,36.3,26.8,0.0
2023-07-01,34.8,28.3,0.6
2023-07-02,33.4,26.4,3.9
2023-07-03,33.1,25.3,17.7
2023-07-04,32.1,26.1,13.2
2023-07-05,34.2,25.7,18.4
2023-07-06,31.8,27.0,0.1
2023-07-07,34.0,27.1,0.4
2023-07-08,34.3,27.2,0.3
2023-07-09,35.2,26.3,9.7
2023-07-10,31.2,25.0,22.4
2023-07-11,31.8,25.7,10.8
2023-07-12,32.4,24.5,16.2
2023-07-13,32.7,26.0,0.6
2023-07-14,33.9,26.8,0.3
2023-07-15,35.2,27.3,0.0
2023-07-16,34.0,27.5,1.0
2023-07-17,35.6,27.6,1.1
2023-07-18,36.1,27.7,0.1
2023-07-19,36.2,28.2,0.4
2023-07-20,36.2,28.3,0.0
2023-07-21,36.0,29.1,0.0
2023-07-22,34.5,27.7,1.1
2023-07-23,29.2,25.6,11.1
2023-07-24,29.4,25.4,10.3
2023-07-25,28.5,24.6,15.8
2023-07-26,28.8,25.0,5.3
2023-07-27,34.6,25.5,0.0
2023-07-28,35.3,27.0,0.5
2023-07-29,35.4,27.5,0.0
2023-07-30,35.5,28.1,0.0
2023-07-31,34.8,27.8,0.7
2023-08-01,35.1,27.4,1.3
2023-08-02,36.0,28.3,0.0
2023-08-03,37.0,28.5,0.7
2023-08-04,36.7,27.6,0.9
2023-08-05,36.3,28.3,0.6
2023-08-06,35.9,24.3,15.4
2023-08-07,35.6,26.2,0.8
2023-08-08,35.1,24.3,1.7
2023-08-09,34.3,26.6,1.9
2023-08-10,35.0,25.3,0.7
2023-08-11,33.8,26.6,2.3
2023-08-12,35.2,25.1,18.3
2023-08-13,34.5,25.2,8.1
2023-08-14,33.5,25.7,11.4
2023-08-15,33.4,25.4,2.7
2023-08-16,34.2,26.5,0.5
2023-08-17,35.3,24.8,8.5
2023-08-18,35.3,24.3,0.8
2023-08-19,35.5,27.1,0.5
2023-08-20,34.1,26.6,0.7
2023-08-21,34.2,27.4,1.8
2023-08-22,32.8,25.4,8.8
2023-08-23,33.4,26.2,5.6
2023-08-24,33.7,26.5,1.2
2023-08-25,35.0,26.8,0.1
2023-08-26,34.2,27.3,7.2
2023-08-27,33.0,25.7,12.4
2023-08-28,34.8,26.6,18.7
2023-08-29,34.1,25.5,8.6
2023-08-30,34.3,25.0,8.3
2023-08-31,34.7,24.6,3.6
2023-09-01,33.4,25.4,3.5
2023-09-02,34.0,26.8,2.3
2023-09-03,33.9,25.8,1.5
2023-09-04,32.2,25.3,5.5
2023-09-05,32.3,25.6,0.1
2023-09-06,33.0,25.9,6.4
2023-09-07,33.7,26.0,18.7
2023-09-08,33.8,25.8,2.3
2023-09-09,34.2,26.4,0.4
2023-09-10,34.0,27.3,0.0
2023-09-11,34.9,27.1,0.0
2023-09-12,35.3,26.7,5.6
2023-09-13,35.2,26.4,0.6
2023-09-14,36.1,26.0,2.5
2023-09-15,34.7,25.6,0.9
2023-09-16,33.8,26.0,16.7
2023-09-17,32.5,25.5,4.9
2023-09-18,33.0,24.9,4.2
2023-09-19,33.6,25.2,0.3
2023-09-20,33.9,26.0,0.2
2023-09-21,31.9,25.5,5.1
2023-09-22,32.8,25.5,2.6
2023-09-23,32.0,25.3,17.3
2023-09-24,33.8,24.6,18.6
2023-09-25,33.2,24.9,9.2
2023-09-26,32.7,24.8,21.7
2023-09-27,33.0,25.0,5.3
2023-09-28,33.6,25.7,8.2
2023-09-29,32.9,26.3,9.8
2023-09-30,32.4,25.7,2.7
2023-10-01,32.6,26.1,2.7
2023-10-02,33.4,26.5,0.3
2023-10-03,34.5,26.6,0.1
2023-10-04,33.9,26.3,10.0
2023-10-05,34.3,25.1,5.5
2023-10-06,34.1,26.0,3.1
2023-10-07,33.0,25.9,2.6
2023-10-08,32.7,25.9,0.0
2023-10-09,32.3,26.2,1.4
2023-10-10,32.3,25.3,0.6
2023-10-11,32.0,23.9,0.2
2023-10-12,31.1,25.3,0.4
2023-10-13,30.1,24.7,1.8
2023-10-14,29.2,23.7,22.5
2023-10-15,29.0,24.9,2.6
2023-10-16,29.5,24.9,12.6
2023-10-17,31.4,25.0,0.2
2023-10-18,31.2,25.0,0.1
2023-10-19,31.8,24.7,0.1
2023-10-20,31.6,24.6,0.2
2023-10-21,31.3,24.2,4.8
2023-10-22,31.6,25.0,2.4
2023-10-23,33.7,23.9,0.3
2023-10-24,33.2,23.1,0.1
2023-10-25,33.8,23.6,0.4
2023-10-26,30.6,23.8,1.4
2023-10-27,30.6,24.6,1.9
2023-10-28,30.1,24.5,4.8
2023-10-29,29.8,24.3,5.7
2023-10-30,30.0,24.3,8.9
2023-10-31,30.9,25.0,1.5
2023-11-01,30.3,25.1,13.4
2023-11-02,29.2,24.2,10.7
2023-11-03,29.0,24.2,14.2
2023-11-04,27.6,24.7,34.6
2023-11-05,28.8,23.8,22.2
2023-11-06,29.0,23.7,14.9
2023-11-07,28.9,24.1,13.8
2023-11-08,28.8,24.3,13.5
2023-11-09,28.5,23.4,12.8
2023-11-10,30.0,23.3,1.6
2023-11-11,29.9,25.3,0.0
2023-11-12,29.9,25.3,0.0
2023-11-13,29.9,24.8,3.8
2023-11-14,27.7,22.5,51.8
2023-11-15,25.0,23.3,35.4
2023-11-16,29.3,23.2,1.0
2023-11-17,29.5,24.3,2.2
2023-11-18,29.7,25.3,1.1
2023-11-19,29.7,25.2,0.2
2023-11-20,27.1,24.8,16.9
2023-11-21,27.4,24.1,25.3
2023-11-22,28.2,23.8,4.3
2023-11-23,26.5,24.6,10.8
2023-11-24,27.9,24.1,26.3
2023-11-25,28.5,23.8,5.1
2023-11-26,29.0,23.3,15.8
2023-11-27,29.6,23.9,3.2
2023-11-28,28.8,23.2,6.4
2023-11-29,27.4,23.1,13.7
2023-11-30,26.6,23.8,13.5
2023-12-01,29.3,23.4,3.3
2023-12-02,27.1,24.3,25.3
2023-12-03,26.0,24.1,54.0
2023-12-04,25.1,23.8,255.8
2023-12-05,31.0,23.4,14.3
2023-12-06,30.0,23.1,17.1
2023-12-07,28.8,23.4,5.6
2023-12-08,28.7,23.6,1.5
2023-12-09,29.4,24.2,0.3
2023-12-10,28.9,24.5,0.0
2023-12-11,28.2,24.9,0.6
2023-12-12,28.1,23.4,1.4
2023-12-13,27.5,22.3,0.4
2023-12-14,29.0,23.8,0.4
2023-12-15,26.4,24.6,6.1
2023-12-16,28.3,24.3,3.2
2023-12-17,28.0,24.3,3.1
2023-12-18,27.5,24.9,0.3
2023-12-19,27.7,23.8,0.0
2023-12-20,28.0,24.8,0.0
2023-12-21,28.1,24.1,0.0
2023-12-22,27.7,22.8,0.0
2023-12-23,27.7,20.8,0.0
2023-12-24,28.3,21.6,0.4
2023-12-25,27.9,23.9,3.4
2023-12-26,27.9,21.2,0.1
2023-12-27,28.1,23.3,0.3
2023-12-28,28.3,24.2,2.0
2023-12-29,28.3,24.2,2.0
2023-12-30,28.3,23.9,0.9
2023-12-31,28.1,23.2,0.2
2024-01-01,28.7,22.8,0.0
2024-01-02,27.8,22.9,0.0
2024-01-03,28.2,23.6,0.0
2024-01-04,29.0,24.7,1.0
2024-01-05,29.0,24.4,0.3
2024-01-06,28.3,24.0,2.7
2024-01-07,26.6,24.0,20.3
2024-01-08,26.7,24.0,25.5
2024-01-09,28.3,25.4,0.1
2024-01-10,28.1,24.6,0.0
2024-01-11,28.2,23.8,0.0
2024-01-12,28.4,23.4,0.0
2024-01-13,28.4,22.0,0.2
2024-01-14,28.3,20.7,0.3
2024-01-15,28.4,21.4,0.0
2024-01-16,28.1,20.4,0.0
2024-01-17,28.1,20.4,0.0
2024-01-18,28.4,20.5,0.0
2024-01-19,28.6,22.2,0.1
2024-01-20,28.6,23.9,0.0
2024-01-21,29.0,22.2,0.0
2024-01-22,28.5,21.9,0.0
2024-01-23,28.9,22.4,0.0
2024-01-24,29.4,22.3,0.0
2024-01-25,29.1,21.3,0.0
2024-01-26,29.0,22.0,1.0
2024-01-27,29.3,24.0,0.3
2024-01-28,28.8,23.3,0.2
2024-01-29,28.6,22.9,0.0
2024-01-30,29.7,20.5,0.0
2024-01-31,29.4,22.1,0.0
2024-02-01,29.2,23.9,0.6
2024-02-02,29.9,23.5,0.3
2024-02-03,29.7,23.4,0.0
2024-02-04,30.0,22.6,0.0
2024-02-05,29.8,22.0,0.0
2024-02-06,29.8,21.5,0.0
2024-02-07,30.3,21.4,0.0
2024-02-08,30.9,20.9,0.0
2024-02-09,30.0,22.2,0.1
2024-02-10,30.9,24.3,0.1
2024-02-11,30.0,24.0,0.1
2024-02-12,29.5,22.1,0.0
2024-02-13,30.1,23.9,1.1
2024-02-14,30.4,24.5,0.1
2024-02-15,29.8,22.9,0.0
2024-02-16,30.4,23.6,0.0
2024-02-17,31.0,22.3,0.0
2024-02-18,30.5,21.9,0.0
2024-02-19,31.6,22.0,0.0
2024-02-20,30.9,23.2,0.1
2024-02-21,32.2,23.2,0.0
2024-02-22,31.9,24.0,1.2
2024-02-23,33.4,25.5,0.9
2024-02-24,30.8,25.9,0.1
2024-02-25,30.7,25.4,0.0
2024-02-26,30.8,25.7,1.0
2024-02-27,30.9,25.1,0.0
2024-02-28,31.5,23.8,0.0
2024-02-29,31.9,22.1,0.0
2024-03-01,31.9,23.5,0.0
2024-03-02,33.0,22.9,0.0
2024-03-03,31.5,24.0,0.0
2024-03-04,30.8,22.3,0.1
2024-03-05,31.2,22.9,0.0
2024-03-06,32.6,23.2,0.0
2024-03-07,34.0,23.4,0.0
2024-03-08,32.1,23.8,0.0
2024-03-09,32.7,24.2,0.0
2024-03-10,32.7,24.6,0.0
2024-03-11,32.6,24.7,0.0
2024-03-12,33.4,24.1,0.0
2024-03-13,33.8,24.7,0.0
2024-03-14,33.5,24.7,0.0
2024-03-15,32.6,24.5,0.3
2024-03-16,32.2,25.8,0.4
2024-03-17,31.9,25.3,0.3
2024-03-18,32.7,24.7,0.0
2024-03-19,32.5,24.8,0.0
2024-03-20,32.2,24.8,0.0
2024-03-21,30.3,26.2,3.5
2024-03-22,31.9,24.9,0.2
2024-03-23,33.1,23.8,0.0
2024-03-24,32.5,24.2,0.0
2024-03-25,31.8,23.7,0.0
2024-03-26,31.8,23.6,0.0
2024-03-27,32.7,23.8,0.0
2024-03-28,33.6,23.6,0.0
2024-03-29,34.1,25.1,0.0
2024-03-30,34.7,24.5,0.0
2024-03-31,33.6,24.5,0.0
2024-04-01,33.7,25.3,0.1
2024-04-02,34.8,25.9,0.0
2024-04-03,35.0,26.6,0.0
2024-04-04,34.8,26.7,0.0
2024-04-05,35.0,26.3,0.0
2024-04-06,36.4,26.1,0.0
2024-04-07,36.9,25.8,0.0
2024-04-08,36.2,26.4,0.0
2024-04-09,33.3,25.8,0.0
2024-04-10,33.6,26.4,0.0
2024-04-11,33.4,26.5,0.0
2024-04-12,33.3,28.0,0.0
2024-04-13,34.0,26.4,0.5
2024-04-14,33.5,25.6,0.0
2024-04-15,34.2,25.0,0.0
2024-04-16,34.7,25.1,0.0
2024-04-17,36.1,26.0,0.0
2024-04-18,37.0,26.6,0.0
2024-04-19,36.0,27.7,0.0
2024-04-20,35.7,28.0,0.2
2024-04-21,35.5,27.5,0.0
2024-04-22,35.5,26.8,0.0
2024-04-23,34.6,26.2,0.0
2024-04-24,35.5,25.8,0.0
2024-04-25,34.7,27.0,0.0
2024-04-26,34.6,26.5,0.0
2024-04-27,34.6,25.9,0.0
2024-04-28,35.6,26.4,0.0
2024-04-29,35.5,27.6,0.0
2024-04-30,35.6,27.9,0.0
2024-05-01,37.8,28.7,0.0
2024-05-02,38.2,29.8,0.0
2024-05-03,38.4,27.9,0.0
2024-05-04,37.3,29.2,0.0
2024-05-05,36.3,29.5,0.0
2024-05-06,37.0,29.8,0.0
2024-05-07,36.9,29.7,0.1
2024-05-08,33.5,26.7,2.2
2024-05-09,32.9,26.9,2.8
2024-05-10,32.6,27.5,7.0
2024-05-11,34.2,25.5,0.6
2024-05-12,33.3,29.3,3.2
2024-05-13,33.0,26.2,8.4
2024-05-14,33.7,27.6,0.9
2024-05-15,34.0,27.1,2.9
2024-05-16,29.6,25.8,19.4
2024-05-17,30.5,26.4,1.6
2024-05-18,30.6,26.1,6.6
2024-05-19,33.0,26.1,9.5
2024-05-20,31.2,26.6,13.9
2024-05-21,30.5,26.6,24.0
2024-05-22,31.2,25.7,21.3
2024-05-23,32.5,26.5,24.7
2024-05-24,36.1,26.6,0.0
2024-05-25,36.0,27.5,16.6
2024-05-26,39.0,28.0,0.6
2024-05-27,40.8,30.3,0.1
2024-05-28,41.0,30.1,0.0
2024-05-29,40.6,30.3,0.0
2024-05-30,39.2,29.8,0.0
2024-05-31,40.2,28.9,21.9
2024-06-01,36.8,27.7,1.0
2024-06-02,33.5,27.0,22.0
2024-06-03,30.6,27.1,9.4
2024-06-04,34.4,26.8,9.6
2024-06-05,32.5,26.2,35.5
2024-06-06,32.2,26.1,28.1
2024-06-07,31.0,25.9,5.1
2024-06-08,33.6,26.7,2.1
2024-06-09,34.7,27.0,0.5
2024-06-10,36.5,27.4,7.0
2024-06-11,36.1,27.7,10.4
2024-06-12,33.7,26.8,0.6
2024-06-13,35.3,27.4,0.1
2024-06-14,35.9,27.6,0.1
2024-06-15,35.5,27.1,2.3
2024-06-16,36.3,27.0,0.2
2024-06-17,36.3,27.6,0.3
2024-06-18,37.0,27.3,0.7
2024-06-19,35.3,25.5,16.6
2024-06-20,35.6,25.5,2.1
2024-06-21,36.0,27.4,5.6
2024-06-22,36.3,27.9,0.2
2024-06-23,36.5,27.5,0.9
2024-06-24,36.0,27.9,0.2
2024-06-25,35.1,27.7,0.6
2024-06-26,36.4,28.8,0.5
2024-06-27,34.8,27.0,1.0
2024-06-28,37.0,28.4,0.0
2024-06-29,37.7,27.6,2.1
2024-06-30,34.3,28.1,0.0
2024-07-01,33.9,26.4,2.0
2024-07-02,36.0,27.6,0.0
2024-07-03,37.5,27.3,4.2
2024-07-04,34.8,26.5,2.6
2024-07-05,36.0,27.0,0.0
2024-07-06,32.2,26.1,2.2
2024-07-07,36.1,26.6,1.2
2024-07-08,32.6,26.4,11.6
2024-07-09,33.8,25.7,5.2
2024-07-10,35.5,26.9,0.2
2024-07-11,33.3,26.1,1.0
2024-07-12,35.6,27.2,2.6
2024-07-13,29.6,25.6,8.0
2024-07-14,28.5,25.3,8.9
2024-07-15,30.1,25.1,8.2
2024-07-16,31.2,25.5,2.8
2024-07-17,31.4,25.8,0.1
2024-07-18,31.9,27.0,1.1
2024-07-19,30.0,26.1,0.5
2024-07-20,33.0,25.8,0.1
2024-07-21,35.5,26.9,2.6
2024-07-22,35.2,27.3,0.0
2024-07-23,36.6,26.9,0.1
2024-07-24,36.7,28.0,0.0
2024-07-25,37.7,27.7,1.1
2024-07-26,36.4,27.5,4.6
2024-07-27,34.7,28.4,0.3
2024-07-28,37.0,28.0,0.1
2024-07-29,36.7,26.7,5.8
2024-07-30,36.0,26.8,1.5
2024-07-31,35.9,27.0,1.5
2024-08-01,35.8,28.1,2.6
2024-08-02,35.7,27.4,4.5
2024-08-03,34.7,26.2,7.7
2024-08-04,35.2,26.5,0.2
2024-08-05,32.0,24.7,0.8
2024-08-06,33.0,24.9,19.1
2024-08-07,32.2,24.8,8.8
2024-08-08,32.0,25.4,10.9
2024-08-09,32.8,24.8,20.9
2024-08-10,31.8,24.5,4.1
2024-08-11,33.4,25.0,16.2
2024-08-12,33.5,24.5,11.4
2024-08-13,32.1,25.5,0.5
2024-08-14,30.8,25.9,1.0
2024-08-15,31.9,26.0,1.6
2024-08-16,31.9,26.9,0.9
2024-08-17,32.4,25.9,0.1
2024-08-18,32.7,26.0,1.6
2024-08-19,33.0,27.1,1.7
2024-08-20,32.0,25.7,4.7
2024-08-21,31.8,26.6,1.0
2024-08-22,32.7,26.5,0.0
2024-08-23,34.1,26.6,0.1
2024-08-24,34.6,27.0,0.2
2024-08-25,35.1,27.1,0.4
2024-08-26,35.2,27.9,1.0
2024-08-27,34.0,26.5,5.1
2024-08-28,29.2,25.6,5.1
2024-08-29,33.8,24.7,8.9
2024-08-30,32.2,25.7,5.0
2024-08-31,31.6,25.5,0.3
2024-09-01,34.3,26.5,0.0
2024-09-02,35.1,25.8,2.5
2024-09-03,33.2,25.3,5.1
2024-09-04,33.7,26.1,0.0
2024-09-05,34.7,26.7,0.7
2024-09-06,33.7,25.1,17.3
2024-09-07,32.5,25.7,2.9
2024-09-08,33.9,27.1,0.0
2024-09-09,34.1,27.3,0.0
2024-09-10,36.2,27.5,1.1
2024-09-11,35.0,27.7,1.2
2024-09-12,36.3,27.2,0.8
2024-09-13,35.9,26.7,0.1
2024-09-14,36.0,26.8,0.5
2024-09-15,36.5,26.7,3.6
2024-09-16,35.7,26.9,0.4
2024-09-17,36.3,27.5,0.6
2024-09-18,34.8,26.9,1.5
2024-09-19,33.8,25.2,2.0
2024-09-20,35.9,26.4,0.4
2024-09-21,31.0,25.5,3.9
2024-09-22,33.6,25.0,12.9
2024-09-23,33.0,24.7,15.5
2024-09-24,33.3,25.6,12.4
2024-09-25,33.9,25.7,11.2
2024-09-26,30.4,26.5,0.8
2024-09-27,31.3,25.4,7.8
2024-09-28,30.7,24.2,14.1
2024-09-29,30.8,24.5,0.7
2024-09-30,30.0,25.1,0.9
2024-10-01,31.6,25.5,0.6
2024-10-02,34.4,25.4,0.0
2024-10-03,34.0,26.4,1.6
2024-10-04,32.7,26.4,2.2
2024-10-05,33.5,25.5,0.1
2024-10-06,32.1,25.5,0.0
2024-10-07,30.0,25.5,1.4
2024-10-08,30.3,24.8,1.4
2024-10-09,30.0,24.9,2.0
2024-10-10,29.8,24.2,16.5
2024-10-11,29.7,24.6,7.4
2024-10-12,29.5,25.2,3.3
2024-10-13,29.9,24.1,2.5
2024-10-14,26.6,24.3,69.2
2024-10-15,28.1,24.7,63.4
2024-10-16,28.6,23.8,39.7
2024-10-17,30.3,23.9,3.2
2024-10-18,28.8,24.3,11.6
2024-10-19,29.2,24.0,8.0
2024-10-20,29.8,24.5,5.8
2024-10-21,30.1,25.4,1.6
2024-10-22,30.3,24.2,1.0
2024-10-23,31.5,24.1,0.0
2024-10-24,31.2,25.1,0.0
2024-10-25,32.6,23.9,0.0
2024-10-26,33.4,24.2,0.0
2024-10-27,32.3,24.1,0.6
2024-10-28,32.2,24.2,1.7
2024-10-29,32.1,24.6,1.1
2024-10-30,31.4,25.5,4.8
2024-10-31,30.0,25.0,1.9
2024-11-01,29.1,24.8,5.9
2024-11-02,29.2,24.1,4.4
2024-11-03,29.6,23.7,3.7
2024-11-04,30.0,23.5,1.2
2024-11-05,30.5,23.8,0.1
2024-11-06,28.6,24.5,14.9
2024-11-07,29.6,24.0,2.6
2024-11-08,30.4,26.0,0.2
2024-11-09,30.3,24.6,1.0
2024-11-10,30.2,24.2,1.5
2024-11-11,30.1,23.9,4.4
2024-11-12,27.4,23.9,42.4
2024-11-13,26.9,23.9,33.1
2024-11-14,28.8,24.2,12.6
2024-11-15,28.1,24.1,16.9
2024-11-16,27.6,23.9,11.2
2024-11-17,29.4,24.0,2.5
2024-11-18,29.1,25.8,0.0
2024-11-19,28.6,25.3,0.5
2024-11-20,28.9,25.0,0.0
2024-11-21,29.0,25.2,0.0
2024-11-22,29.1,23.1,0.0
2024-11-23,28.9,23.5,1.1
2024-11-24,29.6,25.5,0.1
2024-11-25,29.5,24.2,1.3
2024-11-26,26.8,23.6,22.5
2024-11-27,27.6,24.4,5.4
2024-11-28,26.4,23.8,21.0
2024-11-29,25.0,23.2,25.6
2024-11-30,26.5,23.9,158.4
2024-12-01,27.7,24.7,25.3
2024-12-02,28.9,25.3,10.2
2024-12-03,29.3,24.6,4.0
2024-12-04,28.7,24.7,3.5
2024-12-05,29.0,23.7,0.8
2024-12-06,28.0,24.1,1.8
2024-12-07,29.2,24.1,0.4
2024-12-08,29.4,23.7,0.0
2024-12-09,29.2,23.3,1.0
2024-12-10,29.3,24.6,0.2
2024-12-11,27.2,24.0,16.1
2024-12-12,25.9,23.7,47.9
2024-12-13,27.9,25.1,2.1
2024-12-14,28.3,24.5,0.0
2024-12-15,27.5,24.2,0.0
2024-12-16,27.0,22.6,0.0
2024-12-17,26.3,22.0,8.2
2024-12-18,26.2,21.9,24.1
2024-12-19,27.2,23.5,7.0
2024-12-20,28.7,24.0,15.9
2024-12-21,28.5,24.0,1.5
2024-12-22,28.4,24.1,0.2
2024-12-23,28.6,23.0,0.0
2024-12-24,27.8,23.5,7.6
2024-12-25,27.4,23.0,2.8
2024-12-26,28.2,24.4,10.1
2024-12-27,28.4,23.7,4.1
2024-12-28,28.3,24.9,0.2
2024-12-29,27.9,24.2,1.0
2024-12-30,28.0,23.7,3.5
2024-12-31,28.1,24.4,0.1
2025-01-01,27.8,23.6,0.0
2025-01-02,27.8,23.2,0.0
2025-01-03,28.3,22.9,0.1
2025-01-04,27.6,21.6,0.1
2025-01-05,28.3,21.4,0.0
2025-01-06,28.5,21.7,0.5
2025-01-07,27.2,22.7,2.3
2025-01-08,28.0,21.4,0.0
2025-01-09,28.5,24.3,0.1
2025-01-10,28.3,23.5,1.0
2025-01-11,28.4,24.5,0.0
2025-01-12,26.8,24.0,1.4
2025-01-13,26.9,23.6,4.6
2025-01-14,28.1,24.5,0.3
2025-01-15,28.8,25.2,0.0
2025-01-16,28.3,24.8,0.1
2025-01-17,27.3,23.7,0.4
2025-01-18,28.2,23.1,2.1
2025-01-19,27.3,23.3,12.1
2025-01-20,27.5,23.2,0.0
2025-01-21,27.8,22.3,0.0
2025-01-22,28.3,22.3,0.0
2025-01-23,28.9,22.5,0.0
2025-01-24,28.5,21.7,0.0
2025-01-25,28.6,21.5,0.1
2025-01-26,28.6,19.9,0.0
2025-01-27,29.2,20.7,0.0
2025-01-28,29.4,22.0,0.0
2025-01-29,28.9,22.0,0.0
2025-01-30,30.7,23.0,0.0
2025-01-31,30.0,23.0,0.4
2025-02-01,30.5,23.9,1.1
2025-02-02,30.8,22.9,0.4
2025-02-03,30.9,20.3,0.0
2025-02-04,31.9,20.8,0.0
2025-02-05,31.9,22.7,0.0
2025-02-06,30.7,22.5,0.0
2025-02-07,30.9,21.9,0.0
2025-02-08,31.5,21.9,0.0
2025-02-09,30.4,22.2,0.2
2025-02-10,30.3,23.7,0.1
2025-02-11,30.9,23.0,0.0
2025-02-12,31.5,21.4,0.0
2025-02-13,31.7,21.0,0.0
2025-02-14,32.2,20.7,0.0
2025-02-15,31.3,21.8,0.0
2025-02-16,31.6,22.8,0.0
2025-02-17,31.2,23.1,0.0
2025-02-18,31.0,22.7,0.0
2025-02-19,31.0,21.8,0.0
2025-02-20,31.1,22.7,0.0
2025-02-21,31.1,23.7,0.3
2025-02-22,31.4,23.5,0.0
2025-02-23,32.4,23.5,0.0
2025-02-24,31.0,23.4,0.0
2025-02-25,31.3,24.0,0.0
2025-02-26,31.5,25.4,0.0
2025-02-27,31.2,24.8,0.0
2025-02-28,31.0,25.1,0.1
2025-03-01,30.8,25.7,0.4
2025-03-02,32.2,25.6,0.0
2025-03-03,32.9,24.6,0.0
2025-03-04,33.1,23.8,0.0
2025-03-05,34.4,23.8,0.0
2025-03-06,35.2,23.6,0.0
2025-03-07,33.0,22.8,0.0
2025-03-08,32.8,23.1,0.0
2025-03-09,31.1,23.4,0.0
2025-03-10,31.4,25.6,0.1
2025-03-11,30.0,24.4,14.8
2025-03-12,30.0,24.0,1.8
2025-03-13,33.2,23.9,0.0
2025-03-14,33.4,24.7,0.0
2025-03-15,33.9,25.0,0.0
2025-03-16,32.8,25.1,0.4
2025-03-17,33.9,25.9,0.1
2025-03-18,33.0,25.9,0.2
2025-03-19,33.3,26.4,0.4
2025-03-20,33.6,26.9,0.0
2025-03-21,33.1,27.4,0.0
2025-03-22,32.6,27.0,0.4
2025-03-23,32.8,26.9,0.2
2025-03-24,32.0,26.2,0.6
2025-03-25,32.6,24.9,0.0
2025-03-26,33.2,24.7,0.0
2025-03-27,35.9,25.2,0.0
2025-03-28,36.2,25.3,0.0
2025-03-29,37.1,24.7,0.0
2025-03-30,34.2,24.3,0.0
2025-03-31,32.7,25.5,0.0
2025-04-01,32.8,25.0,0.2
2025-04-02,32.9,27.2,0.8
2025-04-03,32.3,26.0,0.0
2025-04-04,30.3,26.3,7.3
2025-04-05,33.2,24.8,2.9
2025-04-06,34.2,26.4,0.1
2025-04-07,33.9,26.5,0.2
2025-04-08,33.6,26.4,0.0
2025-04-09,33.8,26.8,0.0
2025-04-10,37.3,25.9,0.5
2025-04-11,36.0,28.5,0.0
2025-04-12,38.8,27.2,0.0
2025-04-13,36.2,27.2,2.3
2025-04-14,34.5,26.7,0.1
2025-04-15,34.3,27.2,2.9
2025-04-16,34.1,27.8,2.0
2025-04-17,34.3,27.7,4.2
2025-04-18,36.1,27.5,0.0
2025-04-19,36.6,27.9,0.0
2025-04-20,36.6,28.2,0.0
2025-04-21,35.1,28.0,0.2
2025-04-22,34.6,26.7,0.0
2025-04-23,35.5,27.5,0.0
2025-04-24,35.2,27.9,0.0
2025-04-25,34.6,27.9,0.4
2025-04-26,34.1,27.8,0.4
2025-04-27,34.2,28.0,0.2
2025-04-28,33.6,27.4,0.3
2025-04-29,33.3,28.0,0.5
2025-04-30,35.5,27.9,0.0
2025-05-01,36.7,28.0,1.2
2025-05-02,35.6,28.9,0.4
2025-05-03,37.4,28.2,0.5
2025-05-04,38.1,28.8,1.0
2025-05-05,34.5,26.7,0.0
2025-05-06,37.5,27.3,0.0
2025-05-07,36.1,27.9,0.6
2025-05-08,36.9,26.5,9.6
2025-05-09,36.4,26.2,0.2
2025-05-10,36.9,27.0,1.4
2025-05-11,36.8,28.4,0.1
2025-05-12,38.9,28.0,0.1
2025-05-13,38.6,28.9,0.0
2025-05-14,36.9,28.5,0.0
2025-05-15,36.4,28.6,0.5
2025-05-16,36.2,27.2,2.9
2025-05-17,33.3,25.7,2.4
2025-05-18,33.3,25.9,12.4
2025-05-19,31.5,24.8,21.1
2025-05-20,31.5,26.3,2.7
2025-05-21,33.9,26.2,0.8
2025-05-22,34.0,26.5,0.3
2025-05-23,35.2,26.9,6.1
2025-05-24,35.9,27.3,0.2
2025-05-25,36.9,27.4,0.0
2025-05-26,34.0,27.7,0.5
2025-05-27,36.3,28.1,0.0
2025-05-28,37.4,29.2,3.6
2025-05-29,37.7,28.9,2.1
2025-05-30,36.0,27.7,9.6
2025-05-31,36.2,27.7,0.0
2025-06-01,37.3,27.0,0.0
2025-06-02,36.1,27.6,0.3
2025-06-03,38.2,28.1,1.4
2025-06-04,37.7,28.6,2.3
2025-06-05,37.3,28.0,0.3
2025-06-06,37.8,28.4,1.6
2025-06-07,38.0,28.6,1.0
2025-06-08,38.0,28.8,2.3
2025-06-09,37.2,27.8,6.2
2025-06-10,36.9,27.4,0.3
2025-06-11,35.9,25.7,7.8
2025-06-12,35.9,25.5,3.0
2025-06-13,35.7,26.8,3.6
2025-06-14,35.3,27.5,2.5
2025-06-15,34.5,27.3,0.0
2025-06-16,34.6,26.8,0.0
2025-06-17,37.1,27.9,0.2
2025-06-18,37.5,28.2,0.3
2025-06-19,37.3,28.9,0.5
2025-06-20,38.7,28.0,0.6
2025-06-21,37.8,27.9,0.5
2025-06-22,37.0,27.7,1.6
2025-06-23,34.0,27.3,0.0
2025-06-24,36.8,27.8,0.1
2025-06-25,35.8,28.3,0.5
2025-06-26,36.0,28.2,0.5
2025-06-27,37.4,28.1,0.3
2025-06-28,37.3,28.9,0.5
2025-06-29,39.7,29.0,0.9
2025-06-30,37.9,29.1,0.3
2025-07-01,37.2,27.6,1.1
2025-07-02,36.9,27.1,1.3
2025-07-03,33.0,27.1,0.0
2025-07-04,38.1,27.1,0.1
2025-07-05,37.2,28.3,2.7
2025-07-06,37.8,28.6,2.2
2025-07-07,38.3,29.6,0.1
2025-07-08,39.9,27.9,1.3
2025-07-09,37.5,27.4,2.5
2025-07-10,36.4,27.9,1.2
2025-07-11,37.5,28.5,5.9
2025-07-12,37.6,26.1,22.1
2025-07-13,35.0,27.1,0.8
2025-07-14,35.4,26.1,5.2
2025-07-15,37.1,26.5,1.8
2025-07-16,36.8,26.0,16.2
2025-07-17,34.5,25.5,4.4
2025-07-18,31.5,25.6,9.2
2025-07-19,31.1,25.0,7.0
2025-07-20,32.5,26.6,0.2
2025-07-21,29.9,25.9,2.5
2025-07-22,31.9,26.2,1.1
2025-07-23,29.5,25.4,3.8
2025-07-24,31.3,24.8,2.6
2025-07-25,31.7,26.1,1.3
2025-07-26,34.2,25.6,1.1
2025-07-27,34.8,26.3,0.1
2025-07-28,35.8,25.6,0.0
2025-07-29,37.3,26.9,0.0
2025-07-30,37.3,27.3,0.5
2025-07-31,36.2,27.5,2.0
2025-08-01,35.1,26.7,0.3
2025-08-02,35.8,25.8,0.3
2025-08-03,34.7,26.2,3.8
2025-08-04,33.3,25.6,21.3
2025-08-05,32.9,25.5,4.0
2025-08-06,33.6,25.3,2.1
2025-08-07,33.0,25.2,8.7
2025-08-08,31.3,24.6,23.1
2025-08-09,30.9,24.1,8.0
2025-08-10,33.4,24.8,9.6
2025-08-11,33.1,24.8,10.0
2025-08-12,30.1,24.0,31.6
2025-08-13,29.0,24.7,2.0
2025-08-14,32.8,25.2,3.5
2025-08-15,32.7,26.0,2.2
2025-08-16,30.6,25.7,3.2
2025-08-17,29.5,25.2,12.1
2025-08-18,30.3,25.1,3.0
2025-08-19,31.1,25.1,0.5
2025-08-20,33.8,25.4,0.0
2025-08-21,33.7,25.9,0.1
2025-08-22,33.9,25.2,6.4
2025-08-23,30.2,24.4,25.8
2025-08-24,34.0,25.4,0.2
2025-08-25,34.4,26.4,0.0
2025-08-26,34.1,25.9,0.0
2025-08-27,33.7,25.5,23.0
2025-08-28,34.5,25.8,13.4
2025-08-29,34.8,26.4,0.9
2025-08-30,36.8,26.5,22.2
2025-08-31,34.6,25.7,11.2
2025-09-01,31.3,24.9,4.2
2025-09-02,36.0,25.6,10.4
2025-09-03,35.8,25.9,12.9
2025-09-04,35.9,24.5,3.0
2025-09-05,36.7,26.9,0.7
2025-09-06,34.4,26.4,0.5
2025-09-07,35.3,27.4,1.7
2025-09-08,35.1,26.1,2.5
2025-09-09,35.2,26.0,1.6
2025-09-10,36.1,26.5,4.0
2025-09-11,33.2,25.4,8.6
2025-09-12,34.2,26.7,0.6
2025-09-13,32.8,26.3,0.7
2025-09-14,31.7,23.7,31.6
2025-09-15,33.8,26.1,5.1
2025-09-16,32.1,24.8,17.3
2025-09-17,31.2,24.6,15.9
2025-09-18,32.3,25.3,6.2
2025-09-19,30.4,25.1,3.0
2025-09-20,31.1,24.6,5.5
2025-09-21,31.2,25.5,0.7
2025-09-22,32.3,25.3,3.4
2025-09-23,31.9,24.9,5.4
2025-09-24,32.7,25.8,3.5
2025-09-25,33.7,25.7,0.2
2025-09-26,33.2,25.4,0.1
2025-09-27,33.7,25.5,12.0
2025-09-28,33.6,24.7,23.6
2025-09-29,33.2,24.9,4.2
2025-09-30,30.9,26.0,0.0
2025-10-01,31.8,25.7,0.3
2025-10-02,32.8,25.7,0.2
2025-10-03,33.0,25.6,0.6
2025-10-04,31.5,24.4,7.1
2025-10-05,33.0,25.2,12.4
2025-10-06,32.7,24.7,10.7
2025-10-07,31.4,25.7,7.8
2025-10-08,31.6,26.0,1.4
2025-10-09,31.5,24.1,10.3
2025-10-10,30.4,25.0,0.4
2025-10-11,31.1,25.5,2.6
2025-10-12,30.7,25.4,1.8
2025-10-13,31.7,25.5,10.2
2025-10-14,30.8,25.1,9.9
2025-10-15,28.1,24.5,35.3
2025-10-16,29.1,24.2,20.7
2025-10-17,28.2,24.8,13.7
2025-10-18,27.3,24.6,27.5
2025-10-19,28.7,24.2,7.8
2025-10-20,28.2,24.0,23.2
2025-10-21,26.6,24.5,28.9
2025-10-22,29.0,25.2,38.5
2025-10-23,29.7,24.3,17.1
2025-10-24,27.2,24.6,6.2
2025-10-25,28.2,24.3,18.4
2025-10-26,29.8,25.2,0.9
2025-10-27,26.3,22.8,44.9
2025-10-28,25.9,22.7,51.4
2025-10-29,32.3,24.5,0.0
2025-10-30,32.7,25.2,0.1
2025-10-31,33.1,25.4,0.0
2025-11-01,31.8,25.6,0.6
2025-11-02,31.9,25.2,5.0
2025-11-03,32.5,25.3,8.0
2025-11-04,31.9,24.1,18.5
2025-11-05,31.2,24.1,3.1
2025-11-06,29.9,24.4,0.9
2025-11-07,31.0,25.6,4.5
2025-11-08,31.9,24.6,0.9
2025-11-09,30.8,24.3,0.4
2025-11-10,30.4,25.3,1.1
2025-11-11,31.3,25.8,1.3
2025-11-12,30.8,26.8,0.2
2025-11-13,29.5,24.8,0.7
2025-11-14,29.9,26.0,0.0
2025-11-15,30.6,23.5,0.2
2025-11-16,28.5,25.1,0.7
2025-11-17,26.7,23.8,27.5
2025-11-18,27.6,23.1,11.5
2025-11-19,29.0,23.3,0.7
2025-11-20,28.1,24.0,0.3
2025-11-21,28.8,24.5,6.8
2025-11-22,29.1,23.9,11.5
2025-11-23,28.6,23.5,11.8
2025-11-24,28.2,23.7,4.4
2025-11-25,28.2,25.1,0.8
2025-11-26,28.1,24.6,0.5
2025-11-27,28.1,25.2,0.0
2025-11-28,28.2,25.0,0.6
2025-11-29,27.8,23.8,22.3
2025-11-30,25.9,23.8,73.1
2025-12-01,25.4,23.6,90.0
2025-12-02,25.1,23.0,142.3
2025-12-03,26.3,23.0,72.7
2025-12-04,27.4,23.2,17.5
2025-12-05,28.4,24.5,1.0
2025-12-06,28.6,24.8,1.0
2025-12-07,27.5,24.6,1.3
2025-12-08,27.3,23.3,0.2
2025-12-09,28.1,23.8,0.5
2025-12-10,27.3,23.4,0.0
2025-12-11,28.0,24.4,0.0
2025-12-12,27.2,23.6,0.0
2025-12-13,27.6,20.8,0.0
2025-12-14,28.0,23.5,0.0
2025-12-15,28.4,23.0,0.0
2025-12-16,27.3,24.7,4.3
2025-12-17,28.2,23.8,1.9
2025-12-18,27.9,22.7,0.4
2025-12-19,28.7,22.5,0.0
2025-12-20,29.0,20.8,0.1
2025-12-21,29.1,22.1,0.2
2025-12-22,28.3,23.3,0.3
